release,avg(rating)
1990,3.4074202898550725
1991,3.574541231126597
1992,3.411442878338279
1993,3.5317658705605743
1994,3.4585786233911584
1995,3.436492597889529
1996,3.364095270527433
1997,3.376343891074569
1998,3.4250430487189747
1999,3.485379646752968
2000,3.359064955622138
